"","Samplename","id","age","type","stage","tissues","RIN","batch"
"X06070_Skin_of_back","X06070_Skin_of_back","X06070",14,"Middle_aged",3,"Skin_of_back","7.9","batch1"
"X06070_Lung","X06070_Lung","X06070",14,"Middle_aged",3,"Lung","7.9","batch1"
"X06070_Abdominal_aorta","X06070_Abdominal_aorta","X06070",14,"Middle_aged",3,"Abdominal_aorta","7.5","batch1"
"X06070_Liver","X06070_Liver","X06070",14,"Middle_aged",3,"Liver","8.4","batch1"
"X06070_Arteria_cruralis","X06070_Arteria_cruralis","X06070",14,"Middle_aged",3,"Arteria_cruralis","8.1","batch1"
"X06070_Femoral_vein","X06070_Femoral_vein","X06070",14,"Middle_aged",3,"Femoral_vein","8.3","batch1"
"X06070_Ileocecum","X06070_Ileocecum","X06070",14,"Middle_aged",3,"Ileocecum","7.3","batch1"
"X06070_Arteria_carotis","X06070_Arteria_carotis","X06070",14,"Middle_aged",3,"Arteria_carotis","7.9","batch1"
"X06070_Muscle","X06070_Muscle","X06070",14,"Middle_aged",3,"Muscle","8.2","batch1"
"X06070_Ovary","X06070_Ovary","X06070",14,"Middle_aged",3,"Ovary","8","batch1"
"X06070_Cecum","X06070_Cecum","X06070",14,"Middle_aged",3,"Cecum","6.6","batch1"
"X06070_Spleen","X06070_Spleen","X06070",14,"Middle_aged",3,"Spleen","9","batch1"
"X06070_Kidney","X06070_Kidney","X06070",14,"Middle_aged",3,"Kidney","7.2","batch1"
"X06070_Adrenal_gland","X06070_Adrenal_gland","X06070",14,"Middle_aged",3,"Adrenal_gland","8.8","batch1"
"X06070_Duodenum","X06070_Duodenum","X06070",14,"Middle_aged",3,"Duodenum","6.9","batch1"
"X06070_Fallopian_tube","X06070_Fallopian_tube","X06070",14,"Middle_aged",3,"Fallopian_tube","8.5","batch1"
"X06070_Inferior_vena_cava","X06070_Inferior_vena_cava","X06070",14,"Middle_aged",3,"Inferior_vena_cava","7.3","batch1"
"X06070_Heart","X06070_Heart","X06070",14,"Middle_aged",3,"Heart","7.9","batch1"
"X06070_Thymus","X06070_Thymus","X06070",14,"Middle_aged",3,"Thymus","7.6","batch1"
"X06070_Facial_skin","X06070_Facial_skin","X06070",14,"Middle_aged",3,"Facial_skin","7.5","batch1"
"X06070_Pancreas","X06070_Pancreas","X06070",14,"Middle_aged",3,"Pancreas","6.6","batch1"
"X06070_Adipose","X06070_Adipose","X06070",14,"Middle_aged",3,"Adipose","8.8","batch1"
"X06070_Uterus","X06070_Uterus","X06070",14,"Middle_aged",3,"Uterus","8.1","batch1"
"X06080_Skin_of_back","X06080_Skin_of_back","X06080",14,"Middle_aged",3,"Skin_of_back","6.7","batch1"
"X06080_Lung","X06080_Lung","X06080",14,"Middle_aged",3,"Lung","8.9","batch1"
"X06080_Liver","X06080_Liver","X06080",14,"Middle_aged",3,"Liver","8","batch1"
"X06080_Arteria_cruralis","X06080_Arteria_cruralis","X06080",14,"Middle_aged",3,"Arteria_cruralis","8.2","batch1"
"X06080_Femoral_vein","X06080_Femoral_vein","X06080",14,"Middle_aged",3,"Femoral_vein","7.9","batch1"
"X06080_Ileocecum","X06080_Ileocecum","X06080",14,"Middle_aged",3,"Ileocecum","7.2","batch1"
"X06080_Thyroid_gland","X06080_Thyroid_gland","X06080",14,"Middle_aged",3,"Thyroid_gland","7.6","batch1"
"X06080_Arteria_carotis","X06080_Arteria_carotis","X06080",14,"Middle_aged",3,"Arteria_carotis","8.5","batch1"
"X06080_Muscle","X06080_Muscle","X06080",14,"Middle_aged",3,"Muscle","8","batch1"
"X06080_Ovary","X06080_Ovary","X06080",14,"Middle_aged",3,"Ovary","8.1","batch1"
"X06080_Cecum","X06080_Cecum","X06080",14,"Middle_aged",3,"Cecum","7.2","batch1"
"X06080_Spleen","X06080_Spleen","X06080",14,"Middle_aged",3,"Spleen","8.5","batch1"
"X06080_Kidney","X06080_Kidney","X06080",14,"Middle_aged",3,"Kidney","8","batch1"
"X06080_Adrenal_gland","X06080_Adrenal_gland","X06080",14,"Middle_aged",3,"Adrenal_gland","8.8","batch1"
"X06080_Fallopian_tube","X06080_Fallopian_tube","X06080",14,"Middle_aged",3,"Fallopian_tube","7.9","batch1"
"X06080_Stomach","X06080_Stomach","X06080",14,"Middle_aged",3,"Stomach","7.2","batch1"
"X06080_Inferior_vena_cava","X06080_Inferior_vena_cava","X06080",14,"Middle_aged",3,"Inferior_vena_cava","7.3","batch1"
"X06080_Heart","X06080_Heart","X06080",14,"Middle_aged",3,"Heart","7.6","batch1"
"X06080_Thymus","X06080_Thymus","X06080",14,"Middle_aged",3,"Thymus","8","batch1"
"X06080_Facial_skin","X06080_Facial_skin","X06080",14,"Middle_aged",3,"Facial_skin","7.9","batch1"
"X06080_Pancreas","X06080_Pancreas","X06080",14,"Middle_aged",3,"Pancreas","7","batch1"
"X06080_Adipose","X06080_Adipose","X06080",14,"Middle_aged",3,"Adipose","6.2","batch1"
"X06338_Skin_of_back","X06338_Skin_of_back","X06338",14,"Middle_aged",3,"Skin_of_back","7.9","batch1"
"X06338_Lung","X06338_Lung","X06338",14,"Middle_aged",3,"Lung","8.1","batch1"
"X06338_Abdominal_aorta","X06338_Abdominal_aorta","X06338",14,"Middle_aged",3,"Abdominal_aorta","8.4","batch1"
"X06338_Liver","X06338_Liver","X06338",14,"Middle_aged",3,"Liver","8.3","batch1"
"X06338_Arteria_cruralis","X06338_Arteria_cruralis","X06338",14,"Middle_aged",3,"Arteria_cruralis","7.9","batch1"
"X06338_Femoral_vein","X06338_Femoral_vein","X06338",14,"Middle_aged",3,"Femoral_vein","7.9","batch1"
"X06338_Ileocecum","X06338_Ileocecum","X06338",14,"Middle_aged",3,"Ileocecum","6.6","batch1"
"X06338_Thyroid_gland","X06338_Thyroid_gland","X06338",14,"Middle_aged",3,"Thyroid_gland","7.6","batch1"
"X06338_Arteria_carotis","X06338_Arteria_carotis","X06338",14,"Middle_aged",3,"Arteria_carotis","7.7","batch1"
"X06338_Muscle","X06338_Muscle","X06338",14,"Middle_aged",3,"Muscle","8.5","batch1"
"X06338_Ovary","X06338_Ovary","X06338",14,"Middle_aged",3,"Ovary","8.2","batch1"
"X06338_Cecum","X06338_Cecum","X06338",14,"Middle_aged",3,"Cecum","7.8","batch1"
"X06338_Spleen","X06338_Spleen","X06338",14,"Middle_aged",3,"Spleen","8.7","batch1"
"X06338_Kidney","X06338_Kidney","X06338",14,"Middle_aged",3,"Kidney","8.1","batch1"
"X06338_Adrenal_gland","X06338_Adrenal_gland","X06338",14,"Middle_aged",3,"Adrenal_gland","8.6","batch1"
"X06338_Duodenum","X06338_Duodenum","X06338",14,"Middle_aged",3,"Duodenum","6.3","batch1"
"X06338_Fallopian_tube","X06338_Fallopian_tube","X06338",14,"Middle_aged",3,"Fallopian_tube","8.4","batch1"
"X06338_Stomach","X06338_Stomach","X06338",14,"Middle_aged",3,"Stomach","6.6","batch1"
"X06338_Inferior_vena_cava","X06338_Inferior_vena_cava","X06338",14,"Middle_aged",3,"Inferior_vena_cava","7.7","batch1"
"X06338_Heart","X06338_Heart","X06338",14,"Middle_aged",3,"Heart","7.9","batch1"
"X06338_Thymus","X06338_Thymus","X06338",14,"Middle_aged",3,"Thymus","7.1","batch1"
"X06338_Facial_skin","X06338_Facial_skin","X06338",14,"Middle_aged",3,"Facial_skin","7.5","batch1"
"X06338_Pancreas","X06338_Pancreas","X06338",14,"Middle_aged",3,"Pancreas","7.3","batch1"
"X06338_Adipose","X06338_Adipose","X06338",14,"Middle_aged",3,"Adipose","8.8","batch1"
"X06338_Aortic_arch","X06338_Aortic_arch","X06338",14,"Middle_aged",3,"Aortic_arch","8.7","batch1"
"X06338_Uterus","X06338_Uterus","X06338",14,"Middle_aged",3,"Uterus","8","batch1"
"X16086_Arteria_cruralis","X16086_Arteria_cruralis","X16086",3,"Juvenile",1,"Arteria_cruralis","6.1","batch1"
"X06070_Supramarginal_gyrus","X06070_Supramarginal_gyrus","X06070",14,"Middle_aged",3,"Supramarginal_gyrus","6.5","batch1"
"X06070_Superior_temporal_gyrus","X06070_Superior_temporal_gyrus","X06070",14,"Middle_aged",3,"Superior_temporal_gyrus","7.5","batch1"
"X06070_Hippocampus","X06070_Hippocampus","X06070",14,"Middle_aged",3,"Hippocampus","7.1","batch1"
"X06070_Hypothalamus","X06070_Hypothalamus","X06070",14,"Middle_aged",3,"Hypothalamus","6.2","batch1"
"X06070_Pituitary","X06070_Pituitary","X06070",14,"Middle_aged",3,"Pituitary","8.4","batch1"
"X06070_Frontal_pole","X06070_Frontal_pole","X06070",14,"Middle_aged",3,"Frontal_pole","7.3","batch1"
"X06080_Supramarginal_gyrus","X06080_Supramarginal_gyrus","X06080",14,"Middle_aged",3,"Supramarginal_gyrus","7.3","batch1"
"X06080_Superior_temporal_gyrus","X06080_Superior_temporal_gyrus","X06080",14,"Middle_aged",3,"Superior_temporal_gyrus","7.5","batch1"
"X06080_Hippocampus","X06080_Hippocampus","X06080",14,"Middle_aged",3,"Hippocampus","6.1","batch1"
"X06080_Pituitary","X06080_Pituitary","X06080",14,"Middle_aged",3,"Pituitary","8.5","batch1"
"X06080_Frontal_pole","X06080_Frontal_pole","X06080",14,"Middle_aged",3,"Frontal_pole","7.6","batch1"
"X06338_Supramarginal_gyrus","X06338_Supramarginal_gyrus","X06338",14,"Middle_aged",3,"Supramarginal_gyrus","7.2","batch1"
"X06338_Superior_temporal_gyrus","X06338_Superior_temporal_gyrus","X06338",14,"Middle_aged",3,"Superior_temporal_gyrus","6.8","batch1"
"X06338_Hippocampus","X06338_Hippocampus","X06338",14,"Middle_aged",3,"Hippocampus","6.5","batch1"
"X06338_Hypothalamus","X06338_Hypothalamus","X06338",14,"Middle_aged",3,"Hypothalamus","6.5","batch1"
"X06338_Pituitary","X06338_Pituitary","X06338",14,"Middle_aged",3,"Pituitary","8.9","batch1"
"X06338_Frontal_pole","X06338_Frontal_pole","X06338",14,"Middle_aged",3,"Frontal_pole","6.9","batch1"
"X11062_Superior_temporal_gyrus","X11062_Superior_temporal_gyrus","X11062",8,"Young_adult",2,"Superior_temporal_gyrus","7.3","batch2"
"X11062_Hippocampus","X11062_Hippocampus","X11062",8,"Young_adult",2,"Hippocampus","6.6","batch2"
"X11062_Hypothalamus","X11062_Hypothalamus","X11062",8,"Young_adult",2,"Hypothalamus","6.7","batch2"
"X11062_Pituitary","X11062_Pituitary","X11062",8,"Young_adult",2,"Pituitary","7.7","batch2"
"X11062_Frontal_pole","X11062_Frontal_pole","X11062",8,"Young_adult",2,"Frontal_pole","7.4","batch2"
"X11062_Skin_of_back","X11062_Skin_of_back","X11062",8,"Young_adult",2,"Skin_of_back","8.6","batch2"
"X11062_Lung","X11062_Lung","X11062",8,"Young_adult",2,"Lung","7.8","batch2"
"X11062_Abdominal_aorta","X11062_Abdominal_aorta","X11062",8,"Young_adult",2,"Abdominal_aorta","8.2","batch2"
"X11062_Liver","X11062_Liver","X11062",8,"Young_adult",2,"Liver","8","batch2"
"X11062_Arteria_cruralis","X11062_Arteria_cruralis","X11062",8,"Young_adult",2,"Arteria_cruralis","8.2","batch2"
"X11062_Femoral_vein","X11062_Femoral_vein","X11062",8,"Young_adult",2,"Femoral_vein","7.8","batch2"
"X11062_Ileocecum","X11062_Ileocecum","X11062",8,"Young_adult",2,"Ileocecum","7","batch2"
"X11062_Arteria_carotis","X11062_Arteria_carotis","X11062",8,"Young_adult",2,"Arteria_carotis","6.8","batch2"
"X11062_Muscle","X11062_Muscle","X11062",8,"Young_adult",2,"Muscle","7.7","batch2"
"X11062_Ovary","X11062_Ovary","X11062",8,"Young_adult",2,"Ovary","7.5","batch2"
"X11062_Cecum","X11062_Cecum","X11062",8,"Young_adult",2,"Cecum","7.4","batch2"
"X11062_Spleen","X11062_Spleen","X11062",8,"Young_adult",2,"Spleen","7.8","batch2"
"X11062_Kidney","X11062_Kidney","X11062",8,"Young_adult",2,"Kidney","7.8","batch2"
"X11062_Adrenal_gland","X11062_Adrenal_gland","X11062",8,"Young_adult",2,"Adrenal_gland","8","batch2"
"X11062_Duodenum","X11062_Duodenum","X11062",8,"Young_adult",2,"Duodenum","7.5","batch2"
"X11062_Fallopian_tube","X11062_Fallopian_tube","X11062",8,"Young_adult",2,"Fallopian_tube","7.3","batch2"
"X11062_Inferior_vena_cava","X11062_Inferior_vena_cava","X11062",8,"Young_adult",2,"Inferior_vena_cava","7.3","batch2"
"X11062_Heart","X11062_Heart","X11062",8,"Young_adult",2,"Heart","6.9","batch2"
"X11062_Thymus","X11062_Thymus","X11062",8,"Young_adult",2,"Thymus","7.7","batch2"
"X11062_Facial_skin","X11062_Facial_skin","X11062",8,"Young_adult",2,"Facial_skin","7.5","batch2"
"X11062_Pancreas","X11062_Pancreas","X11062",8,"Young_adult",2,"Pancreas","6.7","batch2"
"X11062_Aortic_arch","X11062_Aortic_arch","X11062",8,"Young_adult",2,"Aortic_arch","7.6","batch2"
"X11062_Uterus","X11062_Uterus","X11062",8,"Young_adult",2,"Uterus","6.8","batch2"
"X12092_Supramarginal_gyrus","X12092_Supramarginal_gyrus","X12092",7,"Young_adult",2,"Supramarginal_gyrus","6.7","batch2"
"X12092_Superior_temporal_gyrus","X12092_Superior_temporal_gyrus","X12092",7,"Young_adult",2,"Superior_temporal_gyrus","6.8","batch2"
"X12092_Hippocampus","X12092_Hippocampus","X12092",7,"Young_adult",2,"Hippocampus","6.6","batch2"
"X12092_Hypothalamus","X12092_Hypothalamus","X12092",7,"Young_adult",2,"Hypothalamus","7","batch2"
"X12092_Pituitary","X12092_Pituitary","X12092",7,"Young_adult",2,"Pituitary","7.7","batch2"
"X12092_Frontal_pole","X12092_Frontal_pole","X12092",7,"Young_adult",2,"Frontal_pole","6.6","batch2"
"X12092_Skin_of_back","X12092_Skin_of_back","X12092",7,"Young_adult",2,"Skin_of_back","8","batch2"
"X12092_Lung","X12092_Lung","X12092",7,"Young_adult",2,"Lung","8.1","batch2"
"X12092_Abdominal_aorta","X12092_Abdominal_aorta","X12092",7,"Young_adult",2,"Abdominal_aorta","7.5","batch2"
"X12092_Liver","X12092_Liver","X12092",7,"Young_adult",2,"Liver","8","batch2"
"X12092_Arteria_cruralis","X12092_Arteria_cruralis","X12092",7,"Young_adult",2,"Arteria_cruralis","7.8","batch2"
"X12092_Femoral_vein","X12092_Femoral_vein","X12092",7,"Young_adult",2,"Femoral_vein","7.9","batch2"
"X12092_Ileocecum","X12092_Ileocecum","X12092",7,"Young_adult",2,"Ileocecum","6.1","batch2"
"X12092_Thyroid_gland","X12092_Thyroid_gland","X12092",7,"Young_adult",2,"Thyroid_gland","8","batch2"
"X12092_Arteria_carotis","X12092_Arteria_carotis","X12092",7,"Young_adult",2,"Arteria_carotis","8.2","batch2"
"X12092_Muscle","X12092_Muscle","X12092",7,"Young_adult",2,"Muscle","8.3","batch2"
"X12092_Ovary","X12092_Ovary","X12092",7,"Young_adult",2,"Ovary","7.6","batch2"
"X12092_Cecum","X12092_Cecum","X12092",7,"Young_adult",2,"Cecum","6.4","batch2"
"X12092_Spleen","X12092_Spleen","X12092",7,"Young_adult",2,"Spleen","8","batch2"
"X12092_Kidney","X12092_Kidney","X12092",7,"Young_adult",2,"Kidney","8.1","batch2"
"X12092_Adrenal_gland","X12092_Adrenal_gland","X12092",7,"Young_adult",2,"Adrenal_gland","8.3","batch2"
"X12092_Duodenum","X12092_Duodenum","X12092",7,"Young_adult",2,"Duodenum","7.1","batch2"
"X12092_Fallopian_tube","X12092_Fallopian_tube","X12092",7,"Young_adult",2,"Fallopian_tube","8.5","batch2"
"X12092_Stomach","X12092_Stomach","X12092",7,"Young_adult",2,"Stomach","7.6","batch2"
"X12092_Heart","X12092_Heart","X12092",7,"Young_adult",2,"Heart","7.8","batch2"
"X12092_Thymus","X12092_Thymus","X12092",7,"Young_adult",2,"Thymus","8.8","batch2"
"X12092_Facial_skin","X12092_Facial_skin","X12092",7,"Young_adult",2,"Facial_skin","7.6","batch2"
"X12092_Pancreas","X12092_Pancreas","X12092",7,"Young_adult",2,"Pancreas","7.1","batch2"
"X12092_Adipose","X12092_Adipose","X12092",7,"Young_adult",2,"Adipose","7.8","batch2"
"X12092_Aortic_arch","X12092_Aortic_arch","X12092",7,"Young_adult",2,"Aortic_arch","8","batch2"
"X12092_Uterus","X12092_Uterus","X12092",7,"Young_adult",2,"Uterus","7.5","batch2"
"X12304_Supramarginal_gyrus","X12304_Supramarginal_gyrus","X12304",7,"Young_adult",2,"Supramarginal_gyrus","7.7","batch2"
"X12304_Superior_temporal_gyrus","X12304_Superior_temporal_gyrus","X12304",7,"Young_adult",2,"Superior_temporal_gyrus","7.5","batch2"
"X12304_Hippocampus","X12304_Hippocampus","X12304",7,"Young_adult",2,"Hippocampus","7.7","batch2"
"X12304_Hypothalamus","X12304_Hypothalamus","X12304",7,"Young_adult",2,"Hypothalamus","6.7","batch2"
"X12304_Pituitary","X12304_Pituitary","X12304",7,"Young_adult",2,"Pituitary","8.5","batch2"
"X12304_Frontal_pole","X12304_Frontal_pole","X12304",7,"Young_adult",2,"Frontal_pole","7.4","batch2"
"X12304_Skin_of_back","X12304_Skin_of_back","X12304",7,"Young_adult",2,"Skin_of_back","7.1","batch2"
"X12304_Lung","X12304_Lung","X12304",7,"Young_adult",2,"Lung","8.4","batch2"
"X12304_Abdominal_aorta","X12304_Abdominal_aorta","X12304",7,"Young_adult",2,"Abdominal_aorta","7.2","batch2"
"X12304_Liver","X12304_Liver","X12304",7,"Young_adult",2,"Liver","7.9","batch2"
"X12304_Arteria_cruralis","X12304_Arteria_cruralis","X12304",7,"Young_adult",2,"Arteria_cruralis","7.7","batch2"
"X12304_Femoral_vein","X12304_Femoral_vein","X12304",7,"Young_adult",2,"Femoral_vein","8.3","batch2"
"X12304_Ileocecum","X12304_Ileocecum","X12304",7,"Young_adult",2,"Ileocecum","6.9","batch2"
"X12304_Thyroid_gland","X12304_Thyroid_gland","X12304",7,"Young_adult",2,"Thyroid_gland","7.4","batch2"
"X12304_Arteria_carotis","X12304_Arteria_carotis","X12304",7,"Young_adult",2,"Arteria_carotis","8.2","batch2"
"X12304_Muscle","X12304_Muscle","X12304",7,"Young_adult",2,"Muscle","7.2","batch2"
"X12304_Ovary","X12304_Ovary","X12304",7,"Young_adult",2,"Ovary","8.3","batch2"
"X12304_Spleen","X12304_Spleen","X12304",7,"Young_adult",2,"Spleen","8.7","batch2"
"X12304_Kidney","X12304_Kidney","X12304",7,"Young_adult",2,"Kidney","6.4","batch2"
"X12304_Adrenal_gland","X12304_Adrenal_gland","X12304",7,"Young_adult",2,"Adrenal_gland","7.2","batch2"
"X12304_Duodenum","X12304_Duodenum","X12304",7,"Young_adult",2,"Duodenum","6.4","batch2"
"X12304_Fallopian_tube","X12304_Fallopian_tube","X12304",7,"Young_adult",2,"Fallopian_tube","7.3","batch2"
"X12304_Stomach","X12304_Stomach","X12304",7,"Young_adult",2,"Stomach","6.2","batch2"
"X12304_Inferior_vena_cava","X12304_Inferior_vena_cava","X12304",7,"Young_adult",2,"Inferior_vena_cava","7.2","batch2"
"X12304_Heart","X12304_Heart","X12304",7,"Young_adult",2,"Heart","8.1","batch2"
"X12304_Thymus","X12304_Thymus","X12304",7,"Young_adult",2,"Thymus","7.7","batch2"
"X12304_Facial_skin","X12304_Facial_skin","X12304",7,"Young_adult",2,"Facial_skin","6.9","batch2"
"X12304_Pancreas","X12304_Pancreas","X12304",7,"Young_adult",2,"Pancreas","7.2","batch2"
"X12304_Adipose","X12304_Adipose","X12304",7,"Young_adult",2,"Adipose","7.4","batch2"
"X12304_Aortic_arch","X12304_Aortic_arch","X12304",7,"Young_adult",2,"Aortic_arch","8.2","batch2"
"X12304_Uterus","X12304_Uterus","X12304",7,"Young_adult",2,"Uterus","7.1","batch2"
"X12372_Supramarginal_gyrus","X12372_Supramarginal_gyrus","X12372",7,"Young_adult",2,"Supramarginal_gyrus","6.8","batch2"
"X12372_Superior_temporal_gyrus","X12372_Superior_temporal_gyrus","X12372",7,"Young_adult",2,"Superior_temporal_gyrus","7.3","batch2"
"X12372_Hippocampus","X12372_Hippocampus","X12372",7,"Young_adult",2,"Hippocampus","6.8","batch2"
"X12372_Hypothalamus","X12372_Hypothalamus","X12372",7,"Young_adult",2,"Hypothalamus","6.9","batch2"
"X12372_Pituitary","X12372_Pituitary","X12372",7,"Young_adult",2,"Pituitary","8.2","batch2"
"X12372_Frontal_pole","X12372_Frontal_pole","X12372",7,"Young_adult",2,"Frontal_pole","6.1","batch2"
"X12372_Skin_of_back","X12372_Skin_of_back","X12372",7,"Young_adult",2,"Skin_of_back","7.5","batch2"
"X12372_Lung","X12372_Lung","X12372",7,"Young_adult",2,"Lung","6","batch2"
"X12372_Abdominal_aorta","X12372_Abdominal_aorta","X12372",7,"Young_adult",2,"Abdominal_aorta","7.4","batch2"
"X12372_Liver","X12372_Liver","X12372",7,"Young_adult",2,"Liver","7.1","batch2"
"X12372_Thyroid_gland","X12372_Thyroid_gland","X12372",7,"Young_adult",2,"Thyroid_gland","8.1","batch2"
"X12372_Arteria_carotis","X12372_Arteria_carotis","X12372",7,"Young_adult",2,"Arteria_carotis","7.9","batch2"
"X12372_Muscle","X12372_Muscle","X12372",7,"Young_adult",2,"Muscle","7.8","batch2"
"X12372_Spleen","X12372_Spleen","X12372",7,"Young_adult",2,"Spleen","6.8","batch2"
"X12372_Kidney","X12372_Kidney","X12372",7,"Young_adult",2,"Kidney","7.9","batch2"
"X12372_Duodenum","X12372_Duodenum","X12372",7,"Young_adult",2,"Duodenum","6.1","batch2"
"X12372_Stomach","X12372_Stomach","X12372",7,"Young_adult",2,"Stomach","6.9","batch2"
"X12372_Heart","X12372_Heart","X12372",7,"Young_adult",2,"Heart","6.5","batch2"
"X12372_Thymus","X12372_Thymus","X12372",7,"Young_adult",2,"Thymus","7.3","batch2"
"X12372_Facial_skin","X12372_Facial_skin","X12372",7,"Young_adult",2,"Facial_skin","7.3","batch2"
"X12372_Pancreas","X12372_Pancreas","X12372",7,"Young_adult",2,"Pancreas","6.5","batch2"
"X12372_Adipose","X12372_Adipose","X12372",7,"Young_adult",2,"Adipose","7.6","batch2"
"X12372_Aortic_arch","X12372_Aortic_arch","X12372",7,"Young_adult",2,"Aortic_arch","7.2","batch2"
"X12372_Uterus","X12372_Uterus","X12372",7,"Young_adult",2,"Uterus","6.2","batch2"
"X12390_Supramarginal_gyrus","X12390_Supramarginal_gyrus","X12390",7,"Young_adult",2,"Supramarginal_gyrus","6.5","batch2"
"X12390_Superior_temporal_gyrus","X12390_Superior_temporal_gyrus","X12390",7,"Young_adult",2,"Superior_temporal_gyrus","6.2","batch2"
"X12390_Hippocampus","X12390_Hippocampus","X12390",7,"Young_adult",2,"Hippocampus","6.8","batch2"
"X12390_Hypothalamus","X12390_Hypothalamus","X12390",7,"Young_adult",2,"Hypothalamus","7.3","batch2"
"X12390_Pituitary","X12390_Pituitary","X12390",7,"Young_adult",2,"Pituitary","7.9","batch2"
"X12390_Frontal_pole","X12390_Frontal_pole","X12390",7,"Young_adult",2,"Frontal_pole","7.6","batch2"
"X12390_Skin_of_back","X12390_Skin_of_back","X12390",7,"Young_adult",2,"Skin_of_back","6.8","batch2"
"X12390_Lung","X12390_Lung","X12390",7,"Young_adult",2,"Lung","7.9","batch2"
"X12390_Abdominal_aorta","X12390_Abdominal_aorta","X12390",7,"Young_adult",2,"Abdominal_aorta","8.1","batch2"
"X12390_Liver","X12390_Liver","X12390",7,"Young_adult",2,"Liver","8.4","batch2"
"X12390_Arteria_cruralis","X12390_Arteria_cruralis","X12390",7,"Young_adult",2,"Arteria_cruralis","6.9","batch2"
"X12390_Femoral_vein","X12390_Femoral_vein","X12390",7,"Young_adult",2,"Femoral_vein","7.8","batch2"
"X12390_Ileocecum","X12390_Ileocecum","X12390",7,"Young_adult",2,"Ileocecum","6.6","batch2"
"X12390_Thyroid_gland","X12390_Thyroid_gland","X12390",7,"Young_adult",2,"Thyroid_gland","7.5","batch2"
"X12390_Arteria_carotis","X12390_Arteria_carotis","X12390",7,"Young_adult",2,"Arteria_carotis","8.4","batch2"
"X12390_Muscle","X12390_Muscle","X12390",7,"Young_adult",2,"Muscle","7.9","batch2"
"X12390_Ovary","X12390_Ovary","X12390",7,"Young_adult",2,"Ovary","8.1","batch2"
"X12390_Cecum","X12390_Cecum","X12390",7,"Young_adult",2,"Cecum","6.6","batch2"
"X12390_Spleen","X12390_Spleen","X12390",7,"Young_adult",2,"Spleen","8.2","batch2"
"X12390_Kidney","X12390_Kidney","X12390",7,"Young_adult",2,"Kidney","8","batch2"
"X12390_Adrenal_gland","X12390_Adrenal_gland","X12390",7,"Young_adult",2,"Adrenal_gland","8.4","batch2"
"X12390_Fallopian_tube","X12390_Fallopian_tube","X12390",7,"Young_adult",2,"Fallopian_tube","7.7","batch2"
"X12390_Stomach","X12390_Stomach","X12390",7,"Young_adult",2,"Stomach","8","batch2"
"X12390_Inferior_vena_cava","X12390_Inferior_vena_cava","X12390",7,"Young_adult",2,"Inferior_vena_cava","7.9","batch2"
"X12390_Heart","X12390_Heart","X12390",7,"Young_adult",2,"Heart","7.6","batch2"
"X12390_Thymus","X12390_Thymus","X12390",7,"Young_adult",2,"Thymus","8.8","batch2"
"X12390_Facial_skin","X12390_Facial_skin","X12390",7,"Young_adult",2,"Facial_skin","7.3","batch2"
"X12390_Pancreas","X12390_Pancreas","X12390",7,"Young_adult",2,"Pancreas","8","batch2"
"X12390_Adipose","X12390_Adipose","X12390",7,"Young_adult",2,"Adipose","8","batch2"
"X12390_Aortic_arch","X12390_Aortic_arch","X12390",7,"Young_adult",2,"Aortic_arch","7.6","batch2"
"X12390_Uterus","X12390_Uterus","X12390",7,"Young_adult",2,"Uterus","7.4","batch2"
"X16002_Supramarginal_gyrus","X16002_Supramarginal_gyrus","X16002",3,"Juvenile",1,"Supramarginal_gyrus","7","batch2"
"X16002_Superior_temporal_gyrus","X16002_Superior_temporal_gyrus","X16002",3,"Juvenile",1,"Superior_temporal_gyrus","7","batch2"
"X16002_Hippocampus","X16002_Hippocampus","X16002",3,"Juvenile",1,"Hippocampus","7.3","batch2"
"X16002_Hypothalamus","X16002_Hypothalamus","X16002",3,"Juvenile",1,"Hypothalamus","7.4","batch2"
"X16002_Pituitary","X16002_Pituitary","X16002",3,"Juvenile",1,"Pituitary","7.8","batch2"
"X16002_Frontal_pole","X16002_Frontal_pole","X16002",3,"Juvenile",1,"Frontal_pole","7","batch2"
"X16002_Lung","X16002_Lung","X16002",3,"Juvenile",1,"Lung","7.8","batch2"
"X16002_Abdominal_aorta","X16002_Abdominal_aorta","X16002",3,"Juvenile",1,"Abdominal_aorta","7.7","batch2"
"X16002_Liver","X16002_Liver","X16002",3,"Juvenile",1,"Liver","8","batch2"
"X16002_Arteria_cruralis","X16002_Arteria_cruralis","X16002",3,"Juvenile",1,"Arteria_cruralis","7.1","batch2"
"X16002_Femoral_vein","X16002_Femoral_vein","X16002",3,"Juvenile",1,"Femoral_vein","7.5","batch2"
"X16002_Ileocecum","X16002_Ileocecum","X16002",3,"Juvenile",1,"Ileocecum","6.2","batch2"
"X16002_Arteria_carotis","X16002_Arteria_carotis","X16002",3,"Juvenile",1,"Arteria_carotis","8.2","batch2"
"X16002_Muscle","X16002_Muscle","X16002",3,"Juvenile",1,"Muscle","8.2","batch2"
"X16002_Ovary","X16002_Ovary","X16002",3,"Juvenile",1,"Ovary","7","batch2"
"X16002_Cecum","X16002_Cecum","X16002",3,"Juvenile",1,"Cecum","7.6","batch2"
"X16002_Spleen","X16002_Spleen","X16002",3,"Juvenile",1,"Spleen","8.5","batch2"
"X16002_Kidney","X16002_Kidney","X16002",3,"Juvenile",1,"Kidney","7.7","batch2"
"X16002_Adrenal_gland","X16002_Adrenal_gland","X16002",3,"Juvenile",1,"Adrenal_gland","7.6","batch2"
"X16002_Duodenum","X16002_Duodenum","X16002",3,"Juvenile",1,"Duodenum","6.9","batch2"
"X16002_Fallopian_tube","X16002_Fallopian_tube","X16002",3,"Juvenile",1,"Fallopian_tube","7.2","batch2"
"X16002_Stomach","X16002_Stomach","X16002",3,"Juvenile",1,"Stomach","7.2","batch2"
"X16002_Heart","X16002_Heart","X16002",3,"Juvenile",1,"Heart","7.5","batch2"
"X16002_Thymus","X16002_Thymus","X16002",3,"Juvenile",1,"Thymus","7.2","batch2"
"X16002_Facial_skin","X16002_Facial_skin","X16002",3,"Juvenile",1,"Facial_skin","7.2","batch2"
"X16002_Pancreas","X16002_Pancreas","X16002",3,"Juvenile",1,"Pancreas","6.9","batch2"
"X16002_Aortic_arch","X16002_Aortic_arch","X16002",3,"Juvenile",1,"Aortic_arch","7.3","batch2"
"X16002_Uterus","X16002_Uterus","X16002",3,"Juvenile",1,"Uterus","7.1","batch2"
"X16002_Skin_of_back","X16002_Skin_of_back","X16002",3,"Juvenile",1,"Skin_of_back","8","batch2"
"X16002_Thyroid_gland","X16002_Thyroid_gland","X16002",3,"Juvenile",1,"Thyroid_gland","7.5","batch2"
"X16068_Supramarginal_gyrus","X16068_Supramarginal_gyrus","X16068",3,"Juvenile",1,"Supramarginal_gyrus","7.6","batch2"
"X16068_Superior_temporal_gyrus","X16068_Superior_temporal_gyrus","X16068",3,"Juvenile",1,"Superior_temporal_gyrus","7.2","batch2"
"X16068_Hippocampus","X16068_Hippocampus","X16068",3,"Juvenile",1,"Hippocampus","7.3","batch2"
"X16068_Hypothalamus","X16068_Hypothalamus","X16068",3,"Juvenile",1,"Hypothalamus","7.8","batch2"
"X16068_Pituitary","X16068_Pituitary","X16068",3,"Juvenile",1,"Pituitary","8.6","batch2"
"X16068_Frontal_pole","X16068_Frontal_pole","X16068",3,"Juvenile",1,"Frontal_pole","7.9","batch2"
"X16068_Skin_of_back","X16068_Skin_of_back","X16068",3,"Juvenile",1,"Skin_of_back","8","batch2"
"X16068_Lung","X16068_Lung","X16068",3,"Juvenile",1,"Lung","7.8","batch2"
"X16068_Abdominal_aorta","X16068_Abdominal_aorta","X16068",3,"Juvenile",1,"Abdominal_aorta","7.6","batch2"
"X16068_Liver","X16068_Liver","X16068",3,"Juvenile",1,"Liver","7.5","batch2"
"X16068_Arteria_cruralis","X16068_Arteria_cruralis","X16068",3,"Juvenile",1,"Arteria_cruralis","7.4","batch2"
"X16068_Femoral_vein","X16068_Femoral_vein","X16068",3,"Juvenile",1,"Femoral_vein","7.4","batch2"
"X16068_Ileocecum","X16068_Ileocecum","X16068",3,"Juvenile",1,"Ileocecum","7.3","batch2"
"X16068_Arteria_carotis","X16068_Arteria_carotis","X16068",3,"Juvenile",1,"Arteria_carotis","8.2","batch2"
"X16068_Muscle","X16068_Muscle","X16068",3,"Juvenile",1,"Muscle","8","batch2"
"X16068_Ovary","X16068_Ovary","X16068",3,"Juvenile",1,"Ovary","6.4","batch2"
"X16068_Cecum","X16068_Cecum","X16068",3,"Juvenile",1,"Cecum","8.2","batch2"
"X16068_Spleen","X16068_Spleen","X16068",3,"Juvenile",1,"Spleen","7.7","batch2"
"X16068_Kidney","X16068_Kidney","X16068",3,"Juvenile",1,"Kidney","8","batch2"
"X16068_Adrenal_gland","X16068_Adrenal_gland","X16068",3,"Juvenile",1,"Adrenal_gland","7.9","batch2"
"X16068_Duodenum","X16068_Duodenum","X16068",3,"Juvenile",1,"Duodenum","7.5","batch2"
"X16068_Fallopian_tube","X16068_Fallopian_tube","X16068",3,"Juvenile",1,"Fallopian_tube","8.7","batch2"
"X16068_Stomach","X16068_Stomach","X16068",3,"Juvenile",1,"Stomach","7.2","batch2"
"X16068_Inferior_vena_cava","X16068_Inferior_vena_cava","X16068",3,"Juvenile",1,"Inferior_vena_cava","7.4","batch2"
"X16068_Heart","X16068_Heart","X16068",3,"Juvenile",1,"Heart","7.5","batch2"
"X16068_Thymus","X16068_Thymus","X16068",3,"Juvenile",1,"Thymus","8.5","batch2"
"X16068_Facial_skin","X16068_Facial_skin","X16068",3,"Juvenile",1,"Facial_skin","7.1","batch2"
"X16068_Pancreas","X16068_Pancreas","X16068",3,"Juvenile",1,"Pancreas","6.1","batch2"
"X16068_Adipose","X16068_Adipose","X16068",3,"Juvenile",1,"Adipose","6.4","batch2"
"X16068_Aortic_arch","X16068_Aortic_arch","X16068",3,"Juvenile",1,"Aortic_arch","7.7","batch2"
"X16068_Uterus","X16068_Uterus","X16068",3,"Juvenile",1,"Uterus","7.1","batch2"
"X16086_Supramarginal_gyrus","X16086_Supramarginal_gyrus","X16086",3,"Juvenile",1,"Supramarginal_gyrus","7.1","batch2"
"X16086_Superior_temporal_gyrus","X16086_Superior_temporal_gyrus","X16086",3,"Juvenile",1,"Superior_temporal_gyrus","7.3","batch2"
"X16086_Hippocampus","X16086_Hippocampus","X16086",3,"Juvenile",1,"Hippocampus","6.9","batch2"
"X16086_Hypothalamus","X16086_Hypothalamus","X16086",3,"Juvenile",1,"Hypothalamus","6.8","batch2"
"X16086_Pituitary","X16086_Pituitary","X16086",3,"Juvenile",1,"Pituitary","8.6","batch2"
"X16086_Frontal_pole","X16086_Frontal_pole","X16086",3,"Juvenile",1,"Frontal_pole","7.5","batch2"
"X16086_Skin_of_back","X16086_Skin_of_back","X16086",3,"Juvenile",1,"Skin_of_back","7.4","batch2"
"X16086_Lung","X16086_Lung","X16086",3,"Juvenile",1,"Lung","8.6","batch2"
"X16086_Abdominal_aorta","X16086_Abdominal_aorta","X16086",3,"Juvenile",1,"Abdominal_aorta","8.6","batch2"
"X16086_Liver","X16086_Liver","X16086",3,"Juvenile",1,"Liver","7.6","batch2"
"X16086_Femoral_vein","X16086_Femoral_vein","X16086",3,"Juvenile",1,"Femoral_vein","7.5","batch2"
"X16086_Ileocecum","X16086_Ileocecum","X16086",3,"Juvenile",1,"Ileocecum","7.2","batch2"
"X16086_Thyroid_gland","X16086_Thyroid_gland","X16086",3,"Juvenile",1,"Thyroid_gland","7.8","batch2"
"X16086_Muscle","X16086_Muscle","X16086",3,"Juvenile",1,"Muscle","8.3","batch2"
"X16086_Ovary","X16086_Ovary","X16086",3,"Juvenile",1,"Ovary","8","batch2"
"X16086_Cecum","X16086_Cecum","X16086",3,"Juvenile",1,"Cecum","7","batch2"
"X16086_Spleen","X16086_Spleen","X16086",3,"Juvenile",1,"Spleen","8.1","batch2"
"X16086_Kidney","X16086_Kidney","X16086",3,"Juvenile",1,"Kidney","7.6","batch2"
"X16086_Adrenal_gland","X16086_Adrenal_gland","X16086",3,"Juvenile",1,"Adrenal_gland","8.5","batch2"
"X16086_Duodenum","X16086_Duodenum","X16086",3,"Juvenile",1,"Duodenum","7.4","batch2"
"X16086_Fallopian_tube","X16086_Fallopian_tube","X16086",3,"Juvenile",1,"Fallopian_tube","8.8","batch2"
"X16086_Stomach","X16086_Stomach","X16086",3,"Juvenile",1,"Stomach","7.1","batch2"
"X16086_Inferior_vena_cava","X16086_Inferior_vena_cava","X16086",3,"Juvenile",1,"Inferior_vena_cava","7.9","batch2"
"X16086_Heart","X16086_Heart","X16086",3,"Juvenile",1,"Heart","7.5","batch2"
"X16086_Thymus","X16086_Thymus","X16086",3,"Juvenile",1,"Thymus","7.7","batch2"
"X16086_Facial_skin","X16086_Facial_skin","X16086",3,"Juvenile",1,"Facial_skin","7.7","batch2"
"X16086_Pancreas","X16086_Pancreas","X16086",3,"Juvenile",1,"Pancreas","6.8","batch2"
"X16086_Aortic_arch","X16086_Aortic_arch","X16086",3,"Juvenile",1,"Aortic_arch","7.9","batch2"
"X16086_Uterus","X16086_Uterus","X16086",3,"Juvenile",1,"Uterus","6.6","batch2"
"X16364_Supramarginal_gyrus","X16364_Supramarginal_gyrus","X16364",3,"Juvenile",1,"Supramarginal_gyrus","6.6","batch2"
"X16364_Superior_temporal_gyrus","X16364_Superior_temporal_gyrus","X16364",3,"Juvenile",1,"Superior_temporal_gyrus","6","batch2"
"X16364_Hypothalamus","X16364_Hypothalamus","X16364",3,"Juvenile",1,"Hypothalamus","7.5","batch2"
"X16364_Pituitary","X16364_Pituitary","X16364",3,"Juvenile",1,"Pituitary","8.1","batch2"
"X16364_Frontal_pole","X16364_Frontal_pole","X16364",3,"Juvenile",1,"Frontal_pole","6.7","batch2"
"X16364_Skin_of_back","X16364_Skin_of_back","X16364",3,"Juvenile",1,"Skin_of_back","8.2","batch2"
"X16364_Lung","X16364_Lung","X16364",3,"Juvenile",1,"Lung","7.5","batch2"
"X16364_Abdominal_aorta","X16364_Abdominal_aorta","X16364",3,"Juvenile",1,"Abdominal_aorta","8","batch2"
"X16364_Liver","X16364_Liver","X16364",3,"Juvenile",1,"Liver","7.7","batch2"
"X16364_Arteria_cruralis","X16364_Arteria_cruralis","X16364",3,"Juvenile",1,"Arteria_cruralis","7.6","batch2"
"X16364_Femoral_vein","X16364_Femoral_vein","X16364",3,"Juvenile",1,"Femoral_vein","8.3","batch2"
"X16364_Ileocecum","X16364_Ileocecum","X16364",3,"Juvenile",1,"Ileocecum","7","batch2"
"X16364_Thyroid_gland","X16364_Thyroid_gland","X16364",3,"Juvenile",1,"Thyroid_gland","7.3","batch2"
"X16364_Arteria_carotis","X16364_Arteria_carotis","X16364",3,"Juvenile",1,"Arteria_carotis","8.4","batch2"
"X16364_Muscle","X16364_Muscle","X16364",3,"Juvenile",1,"Muscle","8","batch2"
"X16364_Ovary","X16364_Ovary","X16364",3,"Juvenile",1,"Ovary","7.1","batch2"
"X16364_Cecum","X16364_Cecum","X16364",3,"Juvenile",1,"Cecum","6.2","batch2"
"X16364_Spleen","X16364_Spleen","X16364",3,"Juvenile",1,"Spleen","7.9","batch2"
"X16364_Kidney","X16364_Kidney","X16364",3,"Juvenile",1,"Kidney","7.7","batch2"
"X16364_Adrenal_gland","X16364_Adrenal_gland","X16364",3,"Juvenile",1,"Adrenal_gland","8.5","batch2"
"X16364_Duodenum","X16364_Duodenum","X16364",3,"Juvenile",1,"Duodenum","6.2","batch2"
"X16364_Fallopian_tube","X16364_Fallopian_tube","X16364",3,"Juvenile",1,"Fallopian_tube","8","batch2"
"X16364_Stomach","X16364_Stomach","X16364",3,"Juvenile",1,"Stomach","6.6","batch2"
"X16364_Inferior_vena_cava","X16364_Inferior_vena_cava","X16364",3,"Juvenile",1,"Inferior_vena_cava","7.5","batch2"
"X16364_Heart","X16364_Heart","X16364",3,"Juvenile",1,"Heart","7.7","batch2"
"X16364_Thymus","X16364_Thymus","X16364",3,"Juvenile",1,"Thymus","7.5","batch2"
"X16364_Facial_skin","X16364_Facial_skin","X16364",3,"Juvenile",1,"Facial_skin","8.2","batch2"
"X16364_Pancreas","X16364_Pancreas","X16364",3,"Juvenile",1,"Pancreas","7.2","batch2"
"X16364_Adipose","X16364_Adipose","X16364",3,"Juvenile",1,"Adipose","8","batch2"
"X16364_Aortic_arch","X16364_Aortic_arch","X16364",3,"Juvenile",1,"Aortic_arch","7.6","batch2"
"X16364_Uterus","X16364_Uterus","X16364",3,"Juvenile",1,"Uterus","6.7","batch2"
"X16382_Supramarginal_gyrus","X16382_Supramarginal_gyrus","X16382",3,"Juvenile",1,"Supramarginal_gyrus","6.8","batch2"
"X16382_Superior_temporal_gyrus","X16382_Superior_temporal_gyrus","X16382",3,"Juvenile",1,"Superior_temporal_gyrus","7.2","batch2"
"X16382_Hippocampus","X16382_Hippocampus","X16382",3,"Juvenile",1,"Hippocampus","7.3","batch2"
"X16382_Hypothalamus","X16382_Hypothalamus","X16382",3,"Juvenile",1,"Hypothalamus","7.5","batch2"
"X16382_Pituitary","X16382_Pituitary","X16382",3,"Juvenile",1,"Pituitary","8.7","batch2"
"X16382_Frontal_pole","X16382_Frontal_pole","X16382",3,"Juvenile",1,"Frontal_pole","7.6","batch2"
"X16382_Skin_of_back","X16382_Skin_of_back","X16382",3,"Juvenile",1,"Skin_of_back","7.5","batch2"
"X16382_Lung","X16382_Lung","X16382",3,"Juvenile",1,"Lung","7.3","batch2"
"X16382_Abdominal_aorta","X16382_Abdominal_aorta","X16382",3,"Juvenile",1,"Abdominal_aorta","7.3","batch2"
"X16382_Liver","X16382_Liver","X16382",3,"Juvenile",1,"Liver","7.9","batch2"
"X16382_Arteria_cruralis","X16382_Arteria_cruralis","X16382",3,"Juvenile",1,"Arteria_cruralis","7.8","batch2"
"X16382_Ileocecum","X16382_Ileocecum","X16382",3,"Juvenile",1,"Ileocecum","6.2","batch2"
"X16382_Thyroid_gland","X16382_Thyroid_gland","X16382",3,"Juvenile",1,"Thyroid_gland","8.4","batch2"
"X16382_Muscle","X16382_Muscle","X16382",3,"Juvenile",1,"Muscle","8.5","batch2"
"X16382_Ovary","X16382_Ovary","X16382",3,"Juvenile",1,"Ovary","8","batch2"
"X16382_Spleen","X16382_Spleen","X16382",3,"Juvenile",1,"Spleen","8.2","batch2"
"X16382_Kidney","X16382_Kidney","X16382",3,"Juvenile",1,"Kidney","7.9","batch2"
"X16382_Adrenal_gland","X16382_Adrenal_gland","X16382",3,"Juvenile",1,"Adrenal_gland","8.4","batch2"
"X16382_Duodenum","X16382_Duodenum","X16382",3,"Juvenile",1,"Duodenum","6.6","batch2"
"X16382_Fallopian_tube","X16382_Fallopian_tube","X16382",3,"Juvenile",1,"Fallopian_tube","8.7","batch2"
"X16382_Stomach","X16382_Stomach","X16382",3,"Juvenile",1,"Stomach","7.4","batch2"
"X16382_Inferior_vena_cava","X16382_Inferior_vena_cava","X16382",3,"Juvenile",1,"Inferior_vena_cava","7.6","batch2"
"X16382_Heart","X16382_Heart","X16382",3,"Juvenile",1,"Heart","7.8","batch2"
"X16382_Thymus","X16382_Thymus","X16382",3,"Juvenile",1,"Thymus","7.8","batch2"
"X16382_Facial_skin","X16382_Facial_skin","X16382",3,"Juvenile",1,"Facial_skin","7.5","batch2"
"X16382_Pancreas","X16382_Pancreas","X16382",3,"Juvenile",1,"Pancreas","7.3","batch2"
"X16382_Aortic_arch","X16382_Aortic_arch","X16382",3,"Juvenile",1,"Aortic_arch","7.2","batch2"
"X16382_Uterus","X16382_Uterus","X16382",3,"Juvenile",1,"Uterus","7.4","batch2"
"X92324_Supramarginal_gyrus","X92324_Supramarginal_gyrus","X92324",27,"Elderly",4,"Supramarginal_gyrus","7.5","batch2"
"X92324_Superior_temporal_gyrus","X92324_Superior_temporal_gyrus","X92324",27,"Elderly",4,"Superior_temporal_gyrus","7.2","batch2"
"X92324_Hippocampus","X92324_Hippocampus","X92324",27,"Elderly",4,"Hippocampus","6.8","batch2"
"X92324_Hypothalamus","X92324_Hypothalamus","X92324",27,"Elderly",4,"Hypothalamus","7.6","batch2"
"X92324_Pituitary","X92324_Pituitary","X92324",27,"Elderly",4,"Pituitary","7.3","batch2"
"X92324_Frontal_pole","X92324_Frontal_pole","X92324",27,"Elderly",4,"Frontal_pole","7.1","batch2"
"X92324_Skin_of_back","X92324_Skin_of_back","X92324",27,"Elderly",4,"Skin_of_back","8.4","batch2"
"X92324_Lung","X92324_Lung","X92324",27,"Elderly",4,"Lung","8.5","batch2"
"X92324_Abdominal_aorta","X92324_Abdominal_aorta","X92324",27,"Elderly",4,"Abdominal_aorta","8.8","batch2"
"X92324_Liver","X92324_Liver","X92324",27,"Elderly",4,"Liver","8.8","batch2"
"X92324_Femoral_vein","X92324_Femoral_vein","X92324",27,"Elderly",4,"Femoral_vein","8","batch2"
"X92324_Ileocecum","X92324_Ileocecum","X92324",27,"Elderly",4,"Ileocecum","7.1","batch2"
"X92324_Arteria_carotis","X92324_Arteria_carotis","X92324",27,"Elderly",4,"Arteria_carotis","9.1","batch2"
"X92324_Muscle","X92324_Muscle","X92324",27,"Elderly",4,"Muscle","8.6","batch2"
"X92324_Ovary","X92324_Ovary","X92324",27,"Elderly",4,"Ovary","6.9","batch2"
"X92324_Cecum","X92324_Cecum","X92324",27,"Elderly",4,"Cecum","6.6","batch2"
"X92324_Spleen","X92324_Spleen","X92324",27,"Elderly",4,"Spleen","8.6","batch2"
"X92324_Kidney","X92324_Kidney","X92324",27,"Elderly",4,"Kidney","8.5","batch2"
"X92324_Adrenal_gland","X92324_Adrenal_gland","X92324",27,"Elderly",4,"Adrenal_gland","9.3","batch2"
"X92324_Duodenum","X92324_Duodenum","X92324",27,"Elderly",4,"Duodenum","7","batch2"
"X92324_Fallopian_tube","X92324_Fallopian_tube","X92324",27,"Elderly",4,"Fallopian_tube","7.7","batch2"
"X92324_Stomach","X92324_Stomach","X92324",27,"Elderly",4,"Stomach","7.9","batch2"
"X92324_Inferior_vena_cava","X92324_Inferior_vena_cava","X92324",27,"Elderly",4,"Inferior_vena_cava","7.8","batch2"
"X92324_Heart","X92324_Heart","X92324",27,"Elderly",4,"Heart","7.8","batch2"
"X92324_Thymus","X92324_Thymus","X92324",27,"Elderly",4,"Thymus","8.2","batch2"
"X92324_Facial_skin","X92324_Facial_skin","X92324",27,"Elderly",4,"Facial_skin","7.6","batch2"
"X92324_Pancreas","X92324_Pancreas","X92324",27,"Elderly",4,"Pancreas","8","batch2"
"X92324_Adipose","X92324_Adipose","X92324",27,"Elderly",4,"Adipose","7.8","batch2"
"X92324_Aortic_arch","X92324_Aortic_arch","X92324",27,"Elderly",4,"Aortic_arch","7.5","batch2"
"X92324_Uterus","X92324_Uterus","X92324",27,"Elderly",4,"Uterus","7","batch2"
"X92338_Supramarginal_gyrus","X92338_Supramarginal_gyrus","X92338",27,"Elderly",4,"Supramarginal_gyrus","6.4","batch2"
"X92338_Superior_temporal_gyrus","X92338_Superior_temporal_gyrus","X92338",27,"Elderly",4,"Superior_temporal_gyrus","6.3","batch2"
"X92338_Hippocampus","X92338_Hippocampus","X92338",27,"Elderly",4,"Hippocampus","6.5","batch2"
"X92338_Hypothalamus","X92338_Hypothalamus","X92338",27,"Elderly",4,"Hypothalamus","6.9","batch2"
"X92338_Pituitary","X92338_Pituitary","X92338",27,"Elderly",4,"Pituitary","7.8","batch2"
"X92338_Frontal_pole","X92338_Frontal_pole","X92338",27,"Elderly",4,"Frontal_pole","6.3","batch2"
"X92338_Skin_of_back","X92338_Skin_of_back","X92338",27,"Elderly",4,"Skin_of_back","6.8","batch2"
"X92338_Lung","X92338_Lung","X92338",27,"Elderly",4,"Lung","7.6","batch2"
"X92338_Abdominal_aorta","X92338_Abdominal_aorta","X92338",27,"Elderly",4,"Abdominal_aorta","7.2","batch2"
"X92338_Liver","X92338_Liver","X92338",27,"Elderly",4,"Liver","7.4","batch2"
"X92338_Arteria_cruralis","X92338_Arteria_cruralis","X92338",27,"Elderly",4,"Arteria_cruralis","6.6","batch2"
"X92338_Femoral_vein","X92338_Femoral_vein","X92338",27,"Elderly",4,"Femoral_vein","7.2","batch2"
"X92338_Ileocecum","X92338_Ileocecum","X92338",27,"Elderly",4,"Ileocecum","6","batch2"
"X92338_Thyroid_gland","X92338_Thyroid_gland","X92338",27,"Elderly",4,"Thyroid_gland","7.6","batch2"
"X92338_Arteria_carotis","X92338_Arteria_carotis","X92338",27,"Elderly",4,"Arteria_carotis","7.5","batch2"
"X92338_Muscle","X92338_Muscle","X92338",27,"Elderly",4,"Muscle","8.2","batch2"
"X92338_Ovary","X92338_Ovary","X92338",27,"Elderly",4,"Ovary","7.1","batch2"
"X92338_Cecum","X92338_Cecum","X92338",27,"Elderly",4,"Cecum","6.4","batch2"
"X92338_Kidney","X92338_Kidney","X92338",27,"Elderly",4,"Kidney","6.5","batch2"
"X92338_Adrenal_gland","X92338_Adrenal_gland","X92338",27,"Elderly",4,"Adrenal_gland","7.5","batch2"
"X92338_Fallopian_tube","X92338_Fallopian_tube","X92338",27,"Elderly",4,"Fallopian_tube","7.1","batch2"
"X92338_Inferior_vena_cava","X92338_Inferior_vena_cava","X92338",27,"Elderly",4,"Inferior_vena_cava","7.3","batch2"
"X92338_Heart","X92338_Heart","X92338",27,"Elderly",4,"Heart","7","batch2"
"X92338_Thymus","X92338_Thymus","X92338",27,"Elderly",4,"Thymus","7.5","batch2"
"X92338_Facial_skin","X92338_Facial_skin","X92338",27,"Elderly",4,"Facial_skin","6.5","batch2"
"X92338_Adipose","X92338_Adipose","X92338",27,"Elderly",4,"Adipose","6.6","batch2"
"X92338_Aortic_arch","X92338_Aortic_arch","X92338",27,"Elderly",4,"Aortic_arch","7.2","batch2"
"X94356_Superior_temporal_gyrus","X94356_Superior_temporal_gyrus","X94356",25,"Elderly",4,"Superior_temporal_gyrus","7.1","batch2"
"X94356_Hippocampus","X94356_Hippocampus","X94356",25,"Elderly",4,"Hippocampus","6.5","batch2"
"X94356_Hypothalamus","X94356_Hypothalamus","X94356",25,"Elderly",4,"Hypothalamus","6.1","batch2"
"X94356_Pituitary","X94356_Pituitary","X94356",25,"Elderly",4,"Pituitary","7.4","batch2"
"X94356_Frontal_pole","X94356_Frontal_pole","X94356",25,"Elderly",4,"Frontal_pole","6.6","batch2"
"X94356_Skin_of_back","X94356_Skin_of_back","X94356",25,"Elderly",4,"Skin_of_back","7.9","batch2"
"X94356_Lung","X94356_Lung","X94356",25,"Elderly",4,"Lung","7.1","batch2"
"X94356_Abdominal_aorta","X94356_Abdominal_aorta","X94356",25,"Elderly",4,"Abdominal_aorta","7.6","batch2"
"X94356_Liver","X94356_Liver","X94356",25,"Elderly",4,"Liver","7.7","batch2"
"X94356_Arteria_cruralis","X94356_Arteria_cruralis","X94356",25,"Elderly",4,"Arteria_cruralis","7.4","batch2"
"X94356_Femoral_vein","X94356_Femoral_vein","X94356",25,"Elderly",4,"Femoral_vein","7.2","batch2"
"X94356_Ileocecum","X94356_Ileocecum","X94356",25,"Elderly",4,"Ileocecum","6","batch2"
"X94356_Thyroid_gland","X94356_Thyroid_gland","X94356",25,"Elderly",4,"Thyroid_gland","7.3","batch2"
"X94356_Arteria_carotis","X94356_Arteria_carotis","X94356",25,"Elderly",4,"Arteria_carotis","7.4","batch2"
"X94356_Muscle","X94356_Muscle","X94356",25,"Elderly",4,"Muscle","7.6","batch2"
"X94356_Ovary","X94356_Ovary","X94356",25,"Elderly",4,"Ovary","7.2","batch2"
"X94356_Spleen","X94356_Spleen","X94356",25,"Elderly",4,"Spleen","8.1","batch2"
"X94356_Kidney","X94356_Kidney","X94356",25,"Elderly",4,"Kidney","7.3","batch2"
"X94356_Adrenal_gland","X94356_Adrenal_gland","X94356",25,"Elderly",4,"Adrenal_gland","7.3","batch2"
"X94356_Duodenum","X94356_Duodenum","X94356",25,"Elderly",4,"Duodenum","6.6","batch2"
"X94356_Fallopian_tube","X94356_Fallopian_tube","X94356",25,"Elderly",4,"Fallopian_tube","6.8","batch2"
"X94356_Stomach","X94356_Stomach","X94356",25,"Elderly",4,"Stomach","6.4","batch2"
"X94356_Inferior_vena_cava","X94356_Inferior_vena_cava","X94356",25,"Elderly",4,"Inferior_vena_cava","7.9","batch2"
"X94356_Heart","X94356_Heart","X94356",25,"Elderly",4,"Heart","6.5","batch2"
"X94356_Thymus","X94356_Thymus","X94356",25,"Elderly",4,"Thymus","8","batch2"
"X94356_Facial_skin","X94356_Facial_skin","X94356",25,"Elderly",4,"Facial_skin","7.6","batch2"
"X94356_Pancreas","X94356_Pancreas","X94356",25,"Elderly",4,"Pancreas","6.6","batch2"
"X94356_Adipose","X94356_Adipose","X94356",25,"Elderly",4,"Adipose","7.7","batch2"
"X94356_Aortic_arch","X94356_Aortic_arch","X94356",25,"Elderly",4,"Aortic_arch","7.4","batch2"
"X94356_Uterus","X94356_Uterus","X94356",25,"Elderly",4,"Uterus","6.7","batch2"
"X96302_Supramarginal_gyrus","X96302_Supramarginal_gyrus","X96302",23,"Elderly",4,"Supramarginal_gyrus","7.1","batch2"
"X96302_Superior_temporal_gyrus","X96302_Superior_temporal_gyrus","X96302",23,"Elderly",4,"Superior_temporal_gyrus","7.5","batch2"
"X96302_Hippocampus","X96302_Hippocampus","X96302",23,"Elderly",4,"Hippocampus","7","batch2"
"X96302_Hypothalamus","X96302_Hypothalamus","X96302",23,"Elderly",4,"Hypothalamus","7.2","batch2"
"X96302_Pituitary","X96302_Pituitary","X96302",23,"Elderly",4,"Pituitary","8.5","batch2"
"X96302_Frontal_pole","X96302_Frontal_pole","X96302",23,"Elderly",4,"Frontal_pole","7.8","batch2"
"X96302_Skin_of_back","X96302_Skin_of_back","X96302",23,"Elderly",4,"Skin_of_back","7.7","batch2"
"X96302_Abdominal_aorta","X96302_Abdominal_aorta","X96302",23,"Elderly",4,"Abdominal_aorta","7.6","batch2"
"X96302_Liver","X96302_Liver","X96302",23,"Elderly",4,"Liver","7.3","batch2"
"X96302_Arteria_cruralis","X96302_Arteria_cruralis","X96302",23,"Elderly",4,"Arteria_cruralis","7.5","batch2"
"X96302_Femoral_vein","X96302_Femoral_vein","X96302",23,"Elderly",4,"Femoral_vein","7.5","batch2"
"X96302_Ileocecum","X96302_Ileocecum","X96302",23,"Elderly",4,"Ileocecum","7.2","batch2"
"X96302_Thyroid_gland","X96302_Thyroid_gland","X96302",23,"Elderly",4,"Thyroid_gland","8.8","batch2"
"X96302_Arteria_carotis","X96302_Arteria_carotis","X96302",23,"Elderly",4,"Arteria_carotis","8","batch2"
"X96302_Muscle","X96302_Muscle","X96302",23,"Elderly",4,"Muscle","8.1","batch2"
"X96302_Ovary","X96302_Ovary","X96302",23,"Elderly",4,"Ovary","7.6","batch2"
"X96302_Cecum","X96302_Cecum","X96302",23,"Elderly",4,"Cecum","6.5","batch2"
"X96302_Spleen","X96302_Spleen","X96302",23,"Elderly",4,"Spleen","7.8","batch2"
"X96302_Kidney","X96302_Kidney","X96302",23,"Elderly",4,"Kidney","7.2","batch2"
"X96302_Adrenal_gland","X96302_Adrenal_gland","X96302",23,"Elderly",4,"Adrenal_gland","8.6","batch2"
"X96302_Duodenum","X96302_Duodenum","X96302",23,"Elderly",4,"Duodenum","7.3","batch2"
"X96302_Fallopian_tube","X96302_Fallopian_tube","X96302",23,"Elderly",4,"Fallopian_tube","7.9","batch2"
"X96302_Stomach","X96302_Stomach","X96302",23,"Elderly",4,"Stomach","8","batch2"
"X96302_Inferior_vena_cava","X96302_Inferior_vena_cava","X96302",23,"Elderly",4,"Inferior_vena_cava","7.6","batch2"
"X96302_Heart","X96302_Heart","X96302",23,"Elderly",4,"Heart","7.7","batch2"
"X96302_Thymus","X96302_Thymus","X96302",23,"Elderly",4,"Thymus","8.1","batch2"
"X96302_Facial_skin","X96302_Facial_skin","X96302",23,"Elderly",4,"Facial_skin","7.1","batch2"
"X96302_Pancreas","X96302_Pancreas","X96302",23,"Elderly",4,"Pancreas","7.3","batch2"
"X96302_Aortic_arch","X96302_Aortic_arch","X96302",23,"Elderly",4,"Aortic_arch","7.4","batch2"
"X96302_Uterus","X96302_Uterus","X96302",23,"Elderly",4,"Uterus","6.8","batch2"
